{
    "name": "pdf_search",
    "type": "fulltext-index",
    "params": {
        "doc_config": {
            "docid_prefix_delim": "",
            "docid_regexp": "",
            "mode": "scope.collection.type_field",
            "type_field": "type"
        },
        "mapping": {
            "default_analyzer": "standard",
            "default_datetime_parser": "dateTimeOptional",
            "default_field": "_all",
            "default_mapping": {
                "dynamic": true,
                "enabled": false
            },
            "default_type": "_default",
            "docvalues_dynamic": false,
            "index_dynamic": true,
            "store_dynamic": false,
            "type_field": "_type",
            "types": {
                "shared.docs": {
                    "dynamic": true,
                    "enabled": true,
                    "properties": {
                        "embedding": {
                            "enabled": true,
                            "dynamic": false,
                            "fields": [
                                {
                                    "dims": 1536,
                                    "index": true,
                                    "name": "embedding",
                                    "similarity": "dot_product",
                                    "type": "vector",
                                    "vector_index_optimized_for": "recall"
                                }
                            ]
                        },
                        "text": {
                            "enabled": true,
                            "dynamic": false,
                            "fields": [
                                {
                                    "index": true,
                                    "name": "text",
                                    "store": true,
                                    "type": "text"
                                }
                            ]
                        }
                    }
                }
            }
        },
        "store": {
            "indexType": "scorch",
            "segmentVersion": 16
        }
    },
    "sourceType": "gocbcore",
    "sourceName": "livestream",
    "sourceParams": {},
    "planParams": {
        "maxPartitionsPerPIndex": 64,
        "indexPartitions": 16,
        "numReplicas": 0
    }
  }